problem_id,batch,correct,predicted,expected,wall_time_s,budget_s,budget_util_pct,total_attempts,total_answered,total_nones,none_rate,total_errors,total_tokens,avg_entropy,early_stop,vote_margin,votes_json,problem_text_preview
92ba6a,REFERENCE PROBLEMS,1,50,50,32.5,900.0,3.6,8,3,5,0.625,2,13553,0.474,1,3,"{""50"": 3}","Alice and Bob are each holding some integer number of sweets. Alice says to Bob: ""If we each added t"
9c1c5f,REFERENCE PROBLEMS,1,580,580,67.7,900.0,7.5,8,3,5,0.625,3,42328,0.71,1,3,"{""580"": 3}",Let $f \colon \mathbb{Z}_{\geq 1} \to \mathbb{Z}_{\geq 1}$ be a function such that for all positive 
a295e9,REFERENCE PROBLEMS,1,520,520,153.0,900.0,17.0,8,3,5,0.625,2,114598,0.826,1,3,"{""520"": 3}","A $500 \times 500$ square is divided into $k$ rectangles, each having integer side lengths. Given th"
86e8e5,REFERENCE PROBLEMS,0,23,8687,494.8,900.0,55.0,8,6,2,0.25,30,253944,0.632,0,0,"{""8687"": 2, ""23"": 2, ""2404"": 1, ""41754"": 1}",Let $n \geq 6$ be a positive integer. We call a positive integer $n$-Norwegian if it has three disti
0e644e,REFERENCE PROBLEMS,1,336,336,109.8,900.0,12.2,8,3,5,0.625,3,70864,0.548,1,3,"{""336"": 3}",Let $ABC$ be an acute-angled triangle with integer side lengths and $AB<AC$. Points $D$ and $E$ lie 
26de63,REFERENCE PROBLEMS,1,32951,32951,45.1,900.0,5.0,8,3,5,0.625,4,36615,0.513,1,3,"{""32951"": 3}",Define a function $f \colon \mathbb{Z}_{\geq 1} \to \mathbb{Z}_{\geq 1}$ by $f(n) = \sum_{i = 1}^n \
424e18,REFERENCE PROBLEMS,1,21818,21818,117.3,900.0,13.0,8,5,3,0.375,11,77673,0.735,1,1,"{""21818"": 3, ""62140"": 2}",A tournament is held with $2^{20}$ runners each of which has a different running speed. In each race
42d360,REFERENCE PROBLEMS,1,32193,32193,80.5,900.0,8.9,8,3,5,0.625,3,52899,0.643,1,3,"{""32193"": 3}","On a blackboard, Ken starts off by writing a positive integer $n$ and then applies the following mov"
641659,REFERENCE PROBLEMS,1,57447,57447,230.2,900.0,25.6,8,3,5,0.625,40,122457,0.481,1,3,"{""57447"": 3}","Let $ABC$ be a triangle with $AB \neq AC$, circumcircle $\Omega$, and incircle $\omega$. Let the con"
dd7f5e,REFERENCE PROBLEMS,1,160,160,209.5,900.0,23.3,8,5,3,0.375,16,126465,0.676,1,2,"{""160"": 3, ""71"": 1, ""114"": 1}",Let $\mathcal{F}$ be the set of functions $\alpha \colon \mathbb{Z}\to \mathbb{Z}$ for which there a
f28c01,HARD BENCHMARK (10 IMO-level),1,18,18,91.9,900.0,10.2,8,3,5,0.625,5,46919,0.5,1,3,"{""18"": 3}",Diagonals of a quadrilateral $WXYZ$ are equal and intersect at point $M$. The perpendicular bisector
d48826,HARD BENCHMARK (10 IMO-level),1,301,301,74.1,900.0,8.2,8,3,5,0.625,10,52184,0.531,1,3,"{""301"": 3}","Let $WXYZ$ be a cyclic quadrilateral with $WX=4,XY=5,YZ=6,$ and $ZW=7$. Let $W_1$ and $Y_1$ be the f"
76aef9,HARD BENCHMARK (10 IMO-level),0,999,8,135.7,900.0,15.1,8,3,5,0.625,4,95622,0.82,1,3,"{""999"": 3}",Players $A$ and $B$ play a game on a blackboard that initially contains 1997 copies of the number 1.
9a1984,HARD BENCHMARK (10 IMO-level),1,1198,1198,261.6,900.0,29.1,8,3,5,0.625,11,156433,0.657,1,3,"{""1198"": 3}",Several positive integers are written on a chalkboard in a row from left to right. A transformation 
9be9d3,HARD BENCHMARK (10 IMO-level),1,506,506,126.8,900.0,14.1,8,3,5,0.625,4,72429,0.663,1,3,"{""506"": 3}","Let $x_0, x_1, \ldots, x_{2024}$ and $y_1, y_2, \ldots, y_{2024}$ be two real sequences such that fo"
29719a,HARD BENCHMARK (10 IMO-level),1,49,49,16.1,900.0,1.8,8,3,5,0.625,0,12808,0.778,1,3,"{""49"": 3}","For a positive integer $m$, let $S_{m}= \{ 1,2,\ldots, 25m\}$. Suppose that there exists a $50$-elem"
8fea51,HARD BENCHMARK (10 IMO-level),1,42,42,154.2,900.0,17.1,8,4,4,0.5,7,81082,0.556,1,2,"{""42"": 3, ""0"": 1}",Let $b_m b_{m-1}\cdots b_0$ be the base-7 representation of a positive integer $n$ for some positive
7f5538,HARD BENCHMARK (10 IMO-level),1,33614,33614,47.9,900.0,5.3,8,3,5,0.625,0,39187,0.767,1,3,"{""33614"": 3}",A polynomial $P$ with integer coefficients is called a geometric polynomial if its degree is at leas
c3f0bd,HARD BENCHMARK (10 IMO-level),1,4,4,64.5,900.0,7.2,8,3,5,0.625,3,39232,0.581,1,3,"{""4"": 3}","Let $x, y, z$ be nonnegative real numbers with"
2d282e,HARD BENCHMARK (10 IMO-level),1,117,117,69.2,900.0,7.7,8,4,4,0.5,0,54290,0.752,1,2,"{""117"": 3, ""118"": 1}",A teacher wants to divide a class of $d$ students into $k$ groups (some of which may be empty). Each
45ee22,RANDOM 10 (from remaining pool),1,10,10,10.9,900.0,1.2,8,3,5,0.625,1,7382,0.795,1,3,"{""10"": 3}",What is the area of the region in the $xy-$plane that satisfies \[\lfloor x \rfloor \lfloor y \rfloo
0a27ca,RANDOM 10 (from remaining pool),1,2015,2015,8.8,900.0,1.0,8,3,5,0.625,1,6084,0.506,1,3,"{""2015"": 3}","For a positive integer $n$, the $n^{th}$ triangular number is $T(n)=\dfrac{n(n+1)}{2}.$"
37f837,RANDOM 10 (from remaining pool),1,8,8,7.1,900.0,0.8,8,4,4,0.5,1,4714,0.334,1,4,"{""8"": 4}","There are thirty-five red, yellow, orange, and white marbles in a bag. If half the number of red mar"
83ce64,RANDOM 10 (from remaining pool),1,561,561,19.9,900.0,2.2,8,3,5,0.625,1,15051,0.384,1,3,"{""561"": 3}",The sequence $\{a_n\}$ is defined by $$
f50235,RANDOM 10 (from remaining pool),1,25,25,4.4,900.0,0.5,8,3,5,0.625,3,2233,0.337,1,3,"{""25"": 3}","Given that $x + y = 3$ and $x - y = 4$, find $2x^2 + 2y^2$."
34fe9c,RANDOM 10 (from remaining pool),1,4,4,4.9,900.0,0.5,8,4,4,0.5,0,3197,0.583,1,4,"{""4"": 4}",For how many two-digit positive integers does the product of the digits come out to 12?
af5cc9,RANDOM 10 (from remaining pool),1,601,601,39.1,900.0,4.3,8,3,5,0.625,2,29691,0.539,1,3,"{""601"": 3}","Find the number of triples of nonnegative integers $(a, b, c)$ satisfying $a + b + c = 300$ and \[a^"
159758,RANDOM 10 (from remaining pool),1,7,7,4.9,900.0,0.5,8,3,5,0.625,3,3119,0.353,1,3,"{""7"": 3}","The line $l$ passes through the midpoint of $(1,2)$ and $(19,4)$.  Also, line $l$ is perpendicular t"
6837b1,RANDOM 10 (from remaining pool),1,81,81,138.6,900.0,15.4,8,3,5,0.625,6,97702,0.73,1,3,"{""81"": 3}","Find the number of collections of $16$ distinct subsets of $\{1,2,3,4,5\}$ with the property that fo"
f84c73,RANDOM 10 (from remaining pool),1,211,211,49.6,900.0,5.5,8,3,5,0.625,3,38736,0.607,1,3,"{""211"": 3}",Let $b \geq 2$ be an integer. Call a positive integer $n$ $b\textit{-eautiful}$ if it has exactly tw
b4ec47,COMPREHENSIVE BENCHMARK,1,315,315,217.6,900.0,24.2,8,5,3,0.375,13,146364,0.689,1,2,"{""315"": 3, ""6"": 1, ""24"": 1}",Find the number of rectangles that can be formed inside a fixed regular dodecagon ( $12$ -gon) where
42ee2a,COMPREHENSIVE BENCHMARK,1,321,321,13.4,900.0,1.5,8,3,5,0.625,0,10070,0.536,1,3,"{""321"": 3}",Let $\omega\neq 1$ be a 13th root of unity. Find the remainder when \[\prod_{k=0}^{12}(2-2\omega^k+\
737d44,COMPREHENSIVE BENCHMARK,1,23,23,65.2,900.0,7.2,8,3,5,0.625,5,49828,0.542,1,3,"{""23"": 3}","Let $O(0,0),A(\tfrac{1}{2},0),$ and $B(0,\tfrac{\sqrt{3}}{2})$ be points in the coordinate plane. Le"
c854cd,COMPREHENSIVE BENCHMARK,1,363,363,71.4,900.0,7.9,8,3,5,0.625,0,52642,0.57,1,3,"{""363"": 3}",For each positive integer $n$ let $a_n$ be the least positive integer multiple of $23$ such that $a_
35ecd8,COMPREHENSIVE BENCHMARK,1,608,608,171.1,900.0,19.0,8,3,5,0.625,5,104365,0.676,1,3,"{""608"": 3}",The following analog clock has two hands that can move independently of each other. [asy]           
269012,COMPREHENSIVE BENCHMARK,1,751,751,214.3,900.0,23.8,8,4,4,0.5,4,154962,0.66,1,2,"{""751"": 3, ""101"": 1}","A cube-shaped container has vertices $A,$ $B,$ $C,$ and $D,$ where $\overline{AB}$ and $\overline{CD"
504b93,COMPREHENSIVE BENCHMARK,1,125,125,54.2,900.0,6.0,8,3,5,0.625,1,42467,0.624,1,3,"{""125"": 3}",Each face of two noncongruent parallelepipeds is a rhombus whose diagonals have lengths $\sqrt{21}$ 
471086,COMPREHENSIVE BENCHMARK,1,167,167,72.5,900.0,8.1,8,3,5,0.625,3,41550,0.515,1,3,"{""167"": 3}",Let $A$ be an acute angle such that $\tan A = 2 \cos A.$ Find the number of positive integers $n$ le
c8adf3,COMPREHENSIVE BENCHMARK,1,75,75,55.3,900.0,6.1,8,3,5,0.625,5,40808,0.547,1,3,"{""75"": 3}","Let $\triangle ABC$ be an equilateral triangle with side length $55.$ Points $D,$ $E,$ and $F$ lie o"
354f86,COMPREHENSIVE BENCHMARK,1,247,247,50.2,900.0,5.6,8,3,5,0.625,3,36120,0.488,1,3,"{""247"": 3}","In $\triangle ABC$ with side lengths $AB = 13,$ $BC = 14,$ and $CA = 15,$ let $M$ be the midpoint of"
69dcfd,COMPREHENSIVE BENCHMARK,1,235,235,27.8,900.0,3.1,8,4,4,0.5,0,21278,0.59,1,4,"{""235"": 4}","Find the number of subsets of $\{1,2,3,\ldots,10\}$ that contain exactly one pair of consecutive int"
6618d2,COMPREHENSIVE BENCHMARK,1,33,33,52.3,900.0,5.8,8,3,5,0.625,1,41441,0.37,1,3,"{""33"": 3}","Let $x,$ $y,$ and $z$ be positive real numbers satisfying the system of equations: \begin{align*} \s"
bae374,COMPREHENSIVE BENCHMARK,1,625,625,5.4,900.0,0.6,8,3,5,0.625,3,1990,0.667,1,3,"{""625"": 3}",How many positive 4-digit integers have only odd digits?
8697cd,COMPREHENSIVE BENCHMARK,1,4,4,24.9,900.0,2.8,8,3,5,0.625,1,19948,0.712,1,3,"{""4"": 3}","The $n^{\text{th}}$ term of a certain geometric series is given by $a\cdot r^{n-1}$, where $a$ and $"
f9333c,COMPREHENSIVE BENCHMARK,1,928,928,28.5,900.0,3.2,8,3,5,0.625,0,21079,0.682,1,3,"{""928"": 3}","Each vertex of a regular dodecagon ($12$-gon) is to be colored either red or blue, and thus there ar"
f8b3d5,COMPREHENSIVE BENCHMARK,1,9,9,7.5,900.0,0.8,8,3,5,0.625,3,4689,0.379,1,3,"{""9"": 3}",What is the remainder when $129^{34}+96^{38}$ is divided by $11$?
0fbf22,COMPREHENSIVE BENCHMARK,1,129,129,9.9,900.0,1.1,8,4,4,0.5,2,6715,0.522,1,4,"{""129"": 4}",Let $n = 3^{17} + 3^{10}$. It is known that $11$ divides into $n+1$. If $n$ can be written in base $
74252c,COMPREHENSIVE BENCHMARK,1,129,129,16.2,900.0,1.8,8,3,5,0.625,3,12383,0.647,1,3,"{""129"": 3}",The greatest common divisor of two positive integers less than $100$ is equal to $3$. Their least co
e1d491,COMPREHENSIVE BENCHMARK,1,84,84,17.4,900.0,1.9,8,3,5,0.625,0,11556,0.706,1,3,"{""84"": 3}","Derek's phone number, $336$ - $7624,$ has the property that the three-digit prefix, $336,$ equals th"
02af89,COMPREHENSIVE BENCHMARK,1,20,20,3.4,900.0,0.4,8,4,4,0.5,1,1604,0.464,1,4,"{""20"": 4}","While walking on a plane surface, a traveler first headed 19 miles north, then 16 miles west, then 3"
932759,COMPREHENSIVE BENCHMARK,1,8,8,8.6,900.0,1.0,8,3,5,0.625,3,4717,0.571,1,3,"{""8"": 3}",What is the greatest whole number that MUST be a factor of the sum of any four consecutive positive 
f231de,COMPREHENSIVE BENCHMARK,1,294,294,14.9,900.0,1.7,8,3,5,0.625,2,11216,0.656,1,3,"{""294"": 3}",Consider the paths of length $16$ that follow the lines from the lower left corner to the upper righ
476119,COMPREHENSIVE BENCHMARK,1,25,25,22.3,900.0,2.5,8,5,3,0.375,6,14841,0.426,1,5,"{""25"": 5}","There exist real numbers $x$ and $y$, both greater than 1, such that $\log_x\left(y^x\right)=\log_y\"
4fef3c,COMPREHENSIVE BENCHMARK,1,3,3,24.2,900.0,2.7,8,3,5,0.625,1,18958,0.529,1,3,"{""3"": 3}",The function $f : \mathbb{R} \to \mathbb{R}$ satisfies
e7ed61,COMPREHENSIVE BENCHMARK,1,53,53,9.3,900.0,1.0,8,3,5,0.625,2,6405,0.513,1,3,"{""53"": 3}","Some positive integers have exactly four positive factors. For example, 35 has only 1, 5, 7 and 35 a"
2b836d,COMPREHENSIVE BENCHMARK,1,6,6,29.9,900.0,3.3,8,3,5,0.625,0,23452,0.629,1,3,"{""6"": 3}","A parallelogram has three of its vertices at $(-1,0)$, $(2,4)$ and $(2,-4)$.  What is the positive d"
88178a,COMPREHENSIVE BENCHMARK,1,3,3,12.8,900.0,1.4,8,3,5,0.625,3,9588,0.555,1,3,"{""3"": 3}","The number of apples that Sophia has is a multiple of $6$. When she sells one apple, the number of a"
2677ce,COMPREHENSIVE BENCHMARK,1,204,204,9.1,900.0,1.0,8,3,5,0.625,1,6723,0.388,1,3,"{""204"": 3}",Every morning Aya goes for a $9$-kilometer-long walk and stops at a coffee shop afterwards. When she
7b14f4,COMPREHENSIVE BENCHMARK,1,10,10,16.3,900.0,1.8,8,4,4,0.5,1,12053,0.41,1,4,"{""10"": 4}","Let $a,$ $b,$ $c$ be complex numbers satisfying"
62c41a,COMPREHENSIVE BENCHMARK,1,78,78,5.1,900.0,0.6,8,3,5,0.625,1,2767,0.399,1,3,"{""78"": 3}",Let $g(2x + 5) = 4x^2 - 3x + 2$. Find $g(-3)$.
