id,answer
01817c,1
0581bc,75
06788e,9
09d1ec,240
0b91ca,756
133dba,5
21fb4e,16
287664,19
29719a,49
2ceae6,300
33f7b9,960
3e5546,1250
4e2c56,140
4e5a01,343
4fc407,1
5eee1e,2
6274f6,600
634a49,150
6c042a,88
6cc8eb,65
6d1b95,6
7128bf,1
898ec8,4
8accd9,64
8e805b,8
8fea51,42
9010d9,10320
926e24,58
995247,1012
99dbc1,197
9b921d,14
a749f2,45
a83f0b,9120
a9dbc8,15744
ae2add,24931
aff75c,3571
b6fb96,2
bcbd46,15
c5d681,3
c692de,3
c8fab8,30
d2adbb,125
d318bf,258
d5054a,251
d5f758,886
dbbfe8,22
de5129,8
ef0629,26
f850ef,19
ff9ce7,364
